<?xml version="1.0" encoding="UTF-8"?>
<metadata xml:lang="en"><Esri><CreaDate>20140930</CreaDate><CreaTime>07582500</CreaTime><SyncOnce>FALSE</SyncOnce><ArcGISFormat>1.0</ArcGISFormat><DataProperties><itemProps><itemLocation><linkage Sync="TRUE">Server=localhost; Service=5151/tcp; Database=CROS; User=sde; Version=SDE.DEFAULT</linkage><protocol Sync="TRUE">ArcSDE Connection</protocol></itemLocation><itemName Sync="TRUE">CROS.SDE.FL_EmergencySerZones3</itemName><imsContentType Sync="TRUE">002</imsContentType></itemProps><lineage><Process ToolSource="c:\program files (x86)\arcgis\desktop10.0\ArcToolbox\Toolboxes\Data Management Tools.tbx\Project" Date="20121229" Time="222918">Project \\GIS2\DriveE\gisdata\FileGDB\Backups\LocalGovernmentNewSchema.gdb\PublicSafetyOperations\PoliceESZ \\GIS2\DriveE\gisdata\FileGDB\Backups\LocalGovernmentNewSchema.gdb\zPoliceESZ PROJCS['NAD_1983_StatePlane_Florida_East_FIPS_0901_Feet',GEOGCS['GCS_North_American_1983',DATUM['D_North_American_1983',SPHEROID['GRS_1980',6378137.0,298.257222101]],PRIMEM['Greenwich',0.0],UNIT['Degree',0.0174532925199433]],PROJECTION['Transverse_Mercator'],PARAMETER['False_Easting',656166.6666666665],PARAMETER['False_Northing',0.0],PARAMETER['Central_Meridian',-81.0],PARAMETER['Scale_Factor',0.9999411764705882],PARAMETER['Latitude_Of_Origin',24.33333333333333],UNIT['Foot_US',0.3048006096012192]] NAD_1983_To_WGS_1984_1 PROJCS['WGS_1984_UTM_Zone_4S',GEOGCS['GCS_WGS_1984',DATUM['D_WGS_1984',SPHEROID['WGS_1984',6378137.0,298.257223563]],PRIMEM['Greenwich',0.0],UNIT['Degree',0.0174532925199433]],PROJECTION['Transverse_Mercator'],PARAMETER['False_Easting',500000.0],PARAMETER['False_Northing',10000000.0],PARAMETER['Central_Meridian',-159.0],PARAMETER['Scale_Factor',0.9996],PARAMETER['Latitude_Of_Origin',0.0],UNIT['Meter',1.0]]</Process><Process ToolSource="C:\Program Files (x86)\ArcGIS\Desktop10.0\ArcToolbox\Toolboxes\Cartography Tools.tbx\SimplifyPolygon" Date="20140406" Time="082654">SimplifyPolygon CROS.SDE.FL_EmergencySerZones "Database Connections\Connection to cros.sde\CROS.SDE.FL_EmergencySerZones2" POINT_REMOVE "20 Meters" "0 Unknown" NO_CHECK KEEP_COLLAPSED_POINTS</Process><Process ToolSource="C:\Program Files (x86)\ArcGIS\Desktop10.0\ArcToolbox\Toolboxes\Data Management Tools.tbx\CalculateField" Date="20140930" Time="075440">CalculateField CROS.SDE.FL_EmergencySerZones2 AGENCY "FLPD" VB #</Process><Process ToolSource="C:\Program Files (x86)\ArcGIS\Desktop10.0\ArcToolbox\Toolboxes\Data Management Tools.tbx\CalculateField" Date="20140930" Time="075449">CalculateField CROS.SDE.FL_EmergencySerZones2 DISTRICTID 1 VB #</Process><Process ToolSource="C:\Program Files (x86)\ArcGIS\Desktop10.0\ArcToolbox\Toolboxes\Data Management Tools.tbx\CalculateField" Date="20140930" Time="075459">CalculateField CROS.SDE.FL_EmergencySerZones2 SECTOR "North" VB #</Process><Process ToolSource="C:\Program Files (x86)\ArcGIS\Desktop10.0\ArcToolbox\Toolboxes\Data Management Tools.tbx\CalculateField" Date="20140930" Time="075509">CalculateField CROS.SDE.FL_EmergencySerZones2 LASTUDATE "2/4/2013" VB #</Process><Process ToolSource="C:\Program Files (x86)\ArcGIS\Desktop10.0\ArcToolbox\Toolboxes\Data Management Tools.tbx\CalculateField" Date="20140930" Time="075523">CalculateField CROS.SDE.FL_EmergencySerZones2 LASTEDITOR "Fort Lauderdale GIS\AshokV" VB #</Process><Process ToolSource="C:\Program Files (x86)\ArcGIS\Desktop10.0\ArcToolbox\Toolboxes\Conversion Tools.tbx\FeatureClassToFeatureClass" Date="20140930" Time="075734">FeatureClassToFeatureClass CROS.SDE.FL_EmergencySerZones2 "Database Connections\Connection to cros.sde" FL_EmergencySerZones3 # "ZONEID "Police Zone" true true false 10 Text 0 0 ,First,#,Database Connections\Connection to cros.sde\CROS.SDE.FL_EmergencySerZones2,ZONEID,-1,-1;AGENCY "Police Agency" true true false 10 Text 0 0 ,First,#,Database Connections\Connection to cros.sde\CROS.SDE.FL_EmergencySerZones2,AGENCY,-1,-1;DISTRICTID "Police District" true true false 2 Short 0 5 ,First,#,Database Connections\Connection to cros.sde\CROS.SDE.FL_EmergencySerZones2,DISTRICTID,-1,-1;SECTOR "Police Sector" true true false 50 Text 0 0 ,First,#,Database Connections\Connection to cros.sde\CROS.SDE.FL_EmergencySerZones2,SECTOR,-1,-1;LASTUDATE "Last Update" true true false 36 Date 0 0 ,First,#,Database Connections\Connection to cros.sde\CROS.SDE.FL_EmergencySerZones2,LASTUDATE,-1,-1;LASTEDITOR "Last Editor" true true false 50 Text 0 0 ,First,#,Database Connections\Connection to cros.sde\CROS.SDE.FL_EmergencySerZones2,LASTEDITOR,-1,-1;CENTROID_X "CENTROID_X" true true false 8 Double 8 31 ,First,#,Database Connections\Connection to cros.sde\CROS.SDE.FL_EmergencySerZones2,CENTROID_X,-1,-1;CENTROID_Y "CENTROID_Y" true true false 8 Double 8 31 ,First,#,Database Connections\Connection to cros.sde\CROS.SDE.FL_EmergencySerZones2,CENTROID_Y,-1,-1;DB2GSE_ST_Area_SHAPE_ "DB2GSE_ST_Area_SHAPE_" false false true 0 Double 0 0 ,First,#,Database Connections\Connection to cros.sde\CROS.SDE.FL_EmergencySerZones2,DB2GSE.ST_Area(SHAPE),-1,-1;DB2GSE_SdeLength_SHAPE_ "DB2GSE_SdeLength_SHAPE_" false false true 0 Double 0 0 ,First,#,Database Connections\Connection to cros.sde\CROS.SDE.FL_EmergencySerZones2,DB2GSE.SdeLength(SHAPE),-1,-1" #</Process></lineage><coordRef><type Sync="TRUE">Geographic</type><geogcsn Sync="TRUE">GCS_WGS_1984</geogcsn><csUnits Sync="TRUE">Angular Unit: Degree (0.017453)</csUnits><peXml Sync="TRUE">&lt;GeographicCoordinateSystem xsi:type='typens:GeographicCoordinateSystem' xmlns:xsi='http://www.w3.org/2001/XMLSchema-instance' xmlns:xs='http://www.w3.org/2001/XMLSchema' xmlns:typens='http://www.esri.com/schemas/ArcGIS/10.0'&gt;&lt;WKT&gt;GEOGCS[&amp;quot;GCS_WGS_1984&amp;quot;,DATUM[&amp;quot;D_WGS_1984&amp;quot;,SPHEROID[&amp;quot;WGS_1984&amp;quot;,6378137.0,298.257223563]],PRIMEM[&amp;quot;Greenwich&amp;quot;,0.0],UNIT[&amp;quot;Degree&amp;quot;,0.0174532925199433],AUTHORITY[&amp;quot;EPSG&amp;quot;,4326]]&lt;/WKT&gt;&lt;XOrigin&gt;-399.99999999999989&lt;/XOrigin&gt;&lt;YOrigin&gt;-399.99999999999989&lt;/YOrigin&gt;&lt;XYScale&gt;11258999068426.24&lt;/XYScale&gt;&lt;ZOrigin&gt;0&lt;/ZOrigin&gt;&lt;ZScale&gt;1&lt;/ZScale&gt;&lt;MOrigin&gt;0&lt;/MOrigin&gt;&lt;MScale&gt;1&lt;/MScale&gt;&lt;XYTolerance&gt;8.9831528411952133e-009&lt;/XYTolerance&gt;&lt;ZTolerance&gt;0.001&lt;/ZTolerance&gt;&lt;MTolerance&gt;0.001&lt;/MTolerance&gt;&lt;HighPrecision&gt;true&lt;/HighPrecision&gt;&lt;LeftLongitude&gt;-180&lt;/LeftLongitude&gt;&lt;WKID&gt;4326&lt;/WKID&gt;&lt;/GeographicCoordinateSystem&gt;</peXml></coordRef></DataProperties><SyncDate>20140930</SyncDate><SyncTime>07573000</SyncTime><ModDate>20140930</ModDate><ModTime>07573000</ModTime></Esri><idinfo><descript><abstract>Police Emergency Service Zones (COFL)</abstract><purpose>Police Emergency Service Zones</purpose></descript><keywords><theme><themekt>X-Ray</themekt><themekey>Police ESZ, Police Zones, COFL</themekey></theme></keywords><accconst/><useconst/><status><progress/><update/></status><spdom><bounding><westbc>NaN</westbc><eastbc>NaN</eastbc><northbc>NaN</northbc><southbc>NaN</southbc></bounding></spdom></idinfo><eainfo><detailed Name="CROS.SDE.FL_EmergencySerZones3"><attr><attrlabl Sync="TRUE">OBJECTID</attrlabl><attalias Sync="TRUE">OBJECTID</attalias><attrtype Sync="TRUE">OID</attrtype><attwidth Sync="TRUE">4</attwidth><atprecis Sync="TRUE">10</atprecis><attscale Sync="TRUE">0</attscale><attrdef Sync="TRUE">Internal feature number.</attrdef><attrdefs Sync="TRUE">ESRI</attrdefs><attrdomv><udom Sync="TRUE">Sequential unique whole numbers that are automatically generated.</udom></attrdomv></attr><attr><attrlabl Sync="TRUE">SHAPE</attrlabl><attalias Sync="TRUE">SHAPE</attalias><attrtype Sync="TRUE">Geometry</attrtype><attwidth Sync="TRUE">4</attwidth><atprecis Sync="TRUE">0</atprecis><attscale Sync="TRUE">0</attscale><attrdef Sync="TRUE">Feature geometry.</attrdef><attrdefs Sync="TRUE">ESRI</attrdefs><attrdomv><udom Sync="TRUE">Coordinates defining the features.</udom></attrdomv></attr><attr><attrlabl Sync="TRUE">AGENCY</attrlabl><attalias Sync="TRUE">Police Agency</attalias><attrtype Sync="TRUE">String</attrtype><attwidth Sync="TRUE">10</attwidth><atprecis Sync="TRUE">0</atprecis><attscale Sync="TRUE">0</attscale><attrdef Sync="TRUE">Jurisdiction agency</attrdef></attr><attr><attrlabl Sync="TRUE">DISTRICTID</attrlabl><attalias Sync="TRUE">Police District</attalias><attrtype Sync="TRUE">SmallInteger</attrtype><attwidth Sync="TRUE">2</attwidth><atprecis Sync="TRUE">5</atprecis><attscale Sync="TRUE">0</attscale><attrdef Sync="TRUE">The agency's district identifier</attrdef></attr><attr><attrlabl Sync="TRUE">LASTEDITOR</attrlabl><attalias Sync="TRUE">Last Editor</attalias><attrtype Sync="TRUE">String</attrtype><attwidth Sync="TRUE">50</attwidth><atprecis Sync="TRUE">0</atprecis><attscale Sync="TRUE">0</attscale><attrdef Sync="TRUE">The user who performed the last update</attrdef></attr><attr><attrlabl Sync="TRUE">LASTUDATE</attrlabl><attalias Sync="TRUE">Last Update</attalias><attrtype Sync="TRUE">Date</attrtype><attwidth Sync="TRUE">36</attwidth><atprecis Sync="TRUE">0</atprecis><attscale Sync="TRUE">0</attscale><attrdef Sync="TRUE">The date the feature was last updated in the maintenance database</attrdef></attr><attr><attrlabl Sync="TRUE">SECTOR</attrlabl><attalias Sync="TRUE">Police Sector</attalias><attrtype Sync="TRUE">String</attrtype><attwidth Sync="TRUE">50</attwidth><atprecis Sync="TRUE">0</atprecis><attscale Sync="TRUE">0</attscale><attrdef Sync="TRUE">The agency's sector</attrdef></attr><attr><attrlabl Sync="TRUE">ZONEID</attrlabl><attalias Sync="TRUE">Police Zone</attalias><attrtype Sync="TRUE">String</attrtype><attwidth Sync="TRUE">10</attwidth><atprecis Sync="TRUE">0</atprecis><attscale Sync="TRUE">0</attscale><attrdef Sync="TRUE">Zone identifier</attrdef></attr><attr><attrlabl Sync="TRUE">CENTROID_X</attrlabl><attalias Sync="TRUE">CENTROID_X</attalias><attrtype Sync="TRUE">Double</attrtype><attwidth Sync="TRUE">8</attwidth><atprecis Sync="TRUE">31</atprecis><attscale Sync="TRUE">8</attscale></attr><attr><attrlabl Sync="TRUE">CENTROID_Y</attrlabl><attalias Sync="TRUE">CENTROID_Y</attalias><attrtype Sync="TRUE">Double</attrtype><attwidth Sync="TRUE">8</attwidth><atprecis Sync="TRUE">31</atprecis><attscale Sync="TRUE">8</attscale></attr><attr><attrlabl Sync="TRUE">DB2GSE_ST_AREA_SHAPE_</attrlabl><attalias Sync="TRUE">DB2GSE_ST_AREA_SHAPE_</attalias><attrtype Sync="TRUE">Double</attrtype><attwidth Sync="TRUE">8</attwidth><atprecis Sync="TRUE">31</atprecis><attscale Sync="TRUE">8</attscale></attr><attr><attrlabl Sync="TRUE">DB2GSE_SDELENGTH_SHAPE_</attrlabl><attalias Sync="TRUE">DB2GSE_SDELENGTH_SHAPE_</attalias><attrtype Sync="TRUE">Double</attrtype><attwidth Sync="TRUE">8</attwidth><atprecis Sync="TRUE">31</atprecis><attscale Sync="TRUE">8</attscale></attr><enttyp><enttypl Sync="TRUE">CROS.SDE.FL_EmergencySerZones3</enttypl><enttypt Sync="TRUE">Feature Class</enttypt><enttypc Sync="TRUE">0</enttypc></enttyp><attr><attrlabl Sync="TRUE">DB2GSE.ST_Area(SHAPE)</attrlabl><attalias Sync="TRUE">DB2GSE.ST_Area(SHAPE)</attalias><attrtype Sync="TRUE">Double</attrtype><attwidth Sync="TRUE">0</attwidth><atprecis Sync="TRUE">0</atprecis><attscale Sync="TRUE">0</attscale></attr><attr><attrlabl Sync="TRUE">DB2GSE.SdeLength(SHAPE)</attrlabl><attalias Sync="TRUE">DB2GSE.SdeLength(SHAPE)</attalias><attrtype Sync="TRUE">Double</attrtype><attwidth Sync="TRUE">0</attwidth><atprecis Sync="TRUE">0</atprecis><attscale Sync="TRUE">0</attscale></attr></detailed></eainfo><dataIdInfo><envirDesc Sync="TRUE">Microsoft Windows Server 2003 R2 Version 5.2 (Build 3790) Service Pack 2; ESRI ArcGIS 10.0.4.4000</envirDesc><dataLang><languageCode value="en" Sync="TRUE"/><countryCode value="US" Sync="TRUE"/></dataLang><idCitation><resTitle Sync="TRUE">CROS.SDE.FL_EmergencySerZones3</resTitle><presForm><PresFormCd value="005" Sync="TRUE"/></presForm></idCitation><spatRpType><SpatRepTypCd value="001" Sync="TRUE"/></spatRpType></dataIdInfo><mdLang><languageCode value="en" Sync="TRUE"/><countryCode value="US" Sync="TRUE"/></mdLang><mdChar><CharSetCd value="004" Sync="TRUE"/></mdChar><distInfo><distFormat><formatName Sync="TRUE">SDE Feature Class</formatName></distFormat></distInfo><mdHrLv><ScopeCd value="005" Sync="TRUE"/></mdHrLv><mdHrLvName Sync="TRUE">dataset</mdHrLvName><refSysInfo><RefSystem><refSysID><identCode code="4326" Sync="TRUE" value="4326"/><idCodeSpace Sync="TRUE">EPSG</idCodeSpace><idVersion Sync="TRUE">7.4.1</idVersion></refSysID></RefSystem></refSysInfo><spatRepInfo><VectSpatRep><geometObjs Name="CROS.SDE.FL_EmergencySerZones3"><geoObjTyp><GeoObjTypCd value="002" Sync="TRUE"/></geoObjTyp><geoObjCnt Sync="TRUE">0</geoObjCnt></geometObjs><topLvl><TopoLevCd value="001" Sync="TRUE"/></topLvl></VectSpatRep></spatRepInfo><spdoinfo><ptvctinf><esriterm><efeatyp Sync="TRUE">Simple</efeatyp><efeageom code="4" Sync="TRUE"/><esritopo Sync="TRUE">FALSE</esritopo><efeacnt Sync="TRUE">0</efeacnt><spindex Sync="TRUE">FALSE</spindex><linrefer Sync="TRUE">FALSE</linrefer></esriterm></ptvctinf></spdoinfo><mdDateSt Sync="TRUE">20140930</mdDateSt></metadata>
